CustomerID,Recency (Days),Frequency (Monthly),TotalPurchaseValue
1,4,27,951
2,2,890,7052
3,5,39,818
4,5,19,273
5,72,11,152
6,298,3,310
7,61,8,114
8,4,18,277
9,34,4,53
10,9,14,200
11,338,4,106
12,93,12,1729
13,34,7,72
14,147,7,90
15,284,11,166
16,61,36,587
17,175,4,15
18,35,19,69
19,4,56,956
20,145,21,461
21,6,72,633
22,72,10,230
23,161,24,389
24,31,9,44
25,270,6,229
26,24,16,132
27,33,17,268
28,98,15,37
29,296,4,34
30,136,14,237
31,80,23,324
32,9,66,406
33,212,13,285
34,54,3,38
35,140,3,18
36,28,107,754
37,187,18,179
38,86,7,80
39,328,8,75
40,284,3,110
41,5,35,243
42,238,10,175
43,93,4,79
44,26,12,188
45,90,3,41
46,65,22,369
47,69,14,217
48,26,15,59
49,32,9,30
50,44,8,115
51,12,30,3650
52,266,6,46
53,20,17,74
54,13,18,505
55,89,21,629
56,66,14,486
57,10,5,164
58,6,14,619
59,150,4,37
60,140,26,701
61,10,8,141
62,19,5,24
63,11,117,2402
64,163,6,62
65,66,11,70
66,90,8,226
67,6,13,191
68,37,17,376
69,313,5,52
70,80,8,99
71,23,21,8495
72,26,26,121
73,4,28,411
74,19,16,247
75,17,33,398
76,66,11,1686
77,56,24,208
78,133,16,83
79,37,10,194
80,290,7,138
81,145,19,224
82,46,25,374
83,32,44,752
84,4,6,479
85,10,10,163
86,7,20,297
87,11,6,82
88,3,34,885
89,308,4,17
90,11,52,825
91,9,5,50
92,10,15,266
93,91,18,110
94,11,5,45
95,114,4,30
96,9,32,79
97,17,55,2092
98,199,4,56
99,213,7,213
100,158,3,5
101,189,9,2471
102,31,6,89
103,244,8,90
104,20,3,26
105,2,14,177
106,75,5,50
107,294,17,109
108,5,15,981
109,33,3,27
110,25,6,88
111,25,12,160
112,6,17,222
113,24,12,167
114,207,4,28
115,261,5,53
116,6,69,2111
117,320,4,27
118,13,82,1051
119,175,8,100
120,58,5,82
121,325,6,49
122,11,21,429
123,23,34,635
124,12,28,687
125,55,34,909
126,75,12,190
127,18,96,1488
128,6,30,594
129,66,12,189
130,3,11,394
131,115,7,1347
132,24,12,167
133,140,4,321
134,13,6,65
135,54,10,121
136,359,5,61
137,56,7,93
138,75,8,265
139,140,17,238
140,292,6,79
141,10,11,111
142,275,5,198
143,293,11,160
144,101,6,54
145,32,9,100
146,58,38,633
147,16,33,488
148,66,5,130
149,16,78,1153
150,214,5,83
151,80,12,196
152,26,5,60
153,255,6,70
154,74,5,71
155,193,4,34
156,14,14,155
157,26,13,103
158,84,5,30
159,16,74,632
160,194,4,44
161,268,3,35
162,131,5,139
163,3,20,81
164,5,60,1771
165,181,5,21
166,13,185,5181
167,159,12,222
168,6,7,137
169,297,3,23
170,6,331,10491
171,10,32,663
172,30,7,108
173,72,7,77
174,277,30,1195
175,131,4,158
176,72,3,16
177,34,84,1288
178,3,108,4998
179,236,4,31
180,3,70,1429
181,5,6,250
182,135,3,83
183,87,15,358
184,61,12,155
185,33,33,305
186,2,50,2390
187,13,24,508
188,140,7,81
189,23,10,123
190,21,17,128
191,240,3,32
192,271,12,52
193,242,11,165
194,91,52,840
195,6,32,387
196,79,6,71
197,25,11,219
198,263,4,71
199,275,4,49
200,87,20,348
201,198,3,3097
202,58,28,560
203,12,131,692
204,24,9,121
205,18,41,1113
206,110,9,87
207,86,32,489
208,21,9,99
209,334,3,26
210,93,3,48
211,28,8,51
212,101,3,123
213,31,87,944
214,16,16,313
215,297,13,189
216,7,5,45
217,35,8,137
218,51,12,179
219,96,16,227
220,10,33,365
221,24,3,37
222,315,3,35
223,124,21,406
224,48,8,200
225,285,8,41
226,20,14,126
227,38,21,192
228,254,3,25
229,28,10,34
230,51,10,54
231,6,5,20
232,18,27,246
233,48,14,93
234,66,6,77
235,28,54,1235
236,47,4,30
237,9,25,827
238,16,31,264
239,41,23,390
240,339,11,78
241,20,8,66
242,97,20,241
243,63,9,41
244,137,3,15
245,13,23,338
246,12,41,612
247,5,25,2052
248,21,9,137
249,11,13,168
250,60,29,229
251,32,66,1078
252,95,8,102
253,97,10,165
254,21,30,152
255,58,20,297
256,269,3,99
257,221,6,27
258,242,15,143
259,202,4,125
260,62,26,585
261,5,9,1297
262,275,3,18
263,83,3,183
264,227,4,46
265,6,124,608
266,14,28,232
267,76,15,133
268,214,13,191
269,26,12,235
270,25,10,169
271,263,8,113
272,98,14,97
273,114,3,26
274,205,13,151
275,94,6,23
276,52,4,67
277,20,40,912
278,53,6,76
279,126,6,73
280,95,7,320
281,158,10,224
282,11,3,56
283,25,11,121
284,63,23,96
285,63,3,27
286,287,6,446
287,265,3,9
288,3,321,1469
289,55,16,271
290,13,46,948
291,4,45,934
292,19,103,811
293,3,72,1119
294,39,24,71
295,91,6,70
296,115,4,21
297,65,12,169
298,118,3,28
299,42,11,89
300,124,15,140
301,20,11,312
302,187,3,26
303,25,50,704
304,157,6,43
305,40,7,94
306,191,11,156
307,139,3,25
308,9,15,533
309,171,3,28
310,105,18,143
311,157,3,66
312,353,6,63
313,6,14,272
314,24,11,152
315,9,25,366
316,30,16,245
317,6,12,138
318,24,15,253
319,3,13,142
320,39,20,1143
321,68,22,371
322,39,3,47
323,7,86,1915
324,80,18,264
325,88,5,133
326,19,10,93
327,5,6,275
328,38,16,1221
329,83,5,272
330,40,16,352
331,318,6,358
332,33,4,117
333,94,12,258
334,16,7,90
335,84,59,690
336,79,9,112
337,159,8,169
338,202,13,193
339,47,28,2013
340,262,12,255
341,179,7,101
342,69,15,383
343,289,8,108
344,72,6,170
345,66,3,12
346,12,6,50
347,18,7,125
348,68,6,77
349,62,9,118
350,73,10,116
351,124,9,127
352,82,11,234
353,259,22,125
354,270,8,73
355,65,4,44
356,11,35,700
357,19,11,148
358,73,3,26
359,35,30,553
360,258,10,213
361,91,6,97
362,62,33,703
363,90,11,141
364,101,15,241
365,28,17,94
366,33,40,802
367,282,6,71
368,32,27,900
369,331,7,116
370,133,11,218
371,13,13,174
372,3,35,672
373,187,6,47
374,31,12,346
375,74,12,368
376,194,9,109
377,129,10,126
378,19,3,18
379,214,4,45
380,206,8,124
381,3,100,5688
382,76,7,135
383,109,7,101
384,135,9,173
385,45,4,65
386,6,12,228
387,13,60,1300
388,65,4,19
389,172,3,13
390,42,21,394
391,66,32,675
392,110,18,247
393,2,31,684
394,21,8,152
395,12,16,47
396,12,18,295
397,20,10,80
398,69,11,235
399,7,24,761
400,3,4,36
401,16,33,676
402,257,18,89
403,93,3,15
404,25,11,181
405,18,32,493
406,25,4,47
407,28,16,414
408,28,91,576
409,261,4,597
410,167,6,115
411,26,5,82
412,19,15,318
413,9,80,1739
414,31,3,23
415,40,6,206
416,254,4,45
417,60,6,90
418,186,7,83
419,12,25,250
420,3,56,1050
421,101,5,59
422,3,67,701
423,62,8,152
424,238,13,48
425,219,16,228
426,180,14,222
427,59,11,156
428,202,5,77
429,47,24,337
430,234,5,56
431,67,5,61
432,243,5,68
433,235,6,83
434,80,16,221
435,59,11,152
436,19,84,1601
437,107,6,143
438,53,17,197
439,313,5,79
440,9,9,378
441,12,5,52
442,284,5,62
443,19,10,288
444,25,12,192
445,18,4,26
446,73,3,13
447,66,8,77
448,318,3,27
449,5,35,498
450,245,5,37
451,10,10,126
452,3,23,332
453,262,8,97
454,128,4,48
455,74,9,104
456,23,9,377
457,61,33,456
458,87,9,129
459,80,3,17
460,3,100,269
461,35,31,897
462,42,5,63
463,16,3,32
464,35,49,542
465,80,5,60
466,207,5,81
467,35,12,35
468,184,18,71
469,4,65,1244
470,3,42,730
471,45,8,290
472,87,10,168
473,41,23,72
474,14,17,86
475,98,28,137
476,66,11,182
477,321,3,25
478,68,32,1061
479,75,31,774
480,30,11,149
481,7,45,189
482,9,9,48
483,83,14,255
484,86,12,224
485,146,11,655
486,21,13,86
487,42,39,211
488,175,8,20
489,19,14,56
490,245,8,65
491,14,88,521
492,207,9,190
493,52,8,78
494,25,15,198
495,12,27,1220
496,27,19,448
497,311,3,13
498,157,12,157
499,308,11,44
500,65,5,366
501,17,37,462
502,16,5,71
503,13,21,381
504,66,15,333
505,207,5,65
506,110,31,515
507,54,7,66
508,7,37,153
509,49,6,18
510,3,47,1145
511,314,8,51
512,47,20,135
513,66,8,104
514,28,10,71
515,31,7,31
516,42,29,185
517,14,58,290
518,91,16,236
519,26,43,334
520,320,8,110
521,42,15,137
522,175,6,46
523,118,4,39
524,32,20,184
525,254,5,51
526,61,20,302
527,25,18,2482
528,7,19,414
529,208,3,108
530,26,27,371
531,35,35,359
532,69,17,249
533,38,15,195
534,54,31,264
535,17,5,48
536,76,12,281
537,217,11,56
538,33,10,163
539,18,35,643
540,122,3,27
541,11,15,249
542,258,3,21
543,18,28,464
544,47,11,172
545,45,29,450
546,116,14,193
547,166,9,72
548,12,4,30
549,11,14,249
550,207,20,277
551,87,10,136
552,181,3,9
553,62,4,22
554,151,21,64
555,4,95,1328
556,52,5,64
557,77,5,65
558,20,16,117
559,153,11,168
560,153,4,13
561,3,32,993
562,19,14,186
563,189,4,44
564,287,10,17
565,5,10,757
566,184,3,11
567,65,4,368
568,61,4,41
569,26,10,335
570,5,117,12773
571,33,16,314
572,40,6,57
573,157,5,74
574,28,50,504
575,320,3,103
576,7,20,324
577,9,5,101
578,304,6,45
579,269,7,112
580,273,19,98
581,5,64,1464
582,33,4,27
583,220,6,94
584,248,3,24
585,283,26,204
586,271,7,33
587,34,18,210
588,248,5,75
589,17,17,283
590,118,10,120
591,38,8,133
592,133,18,444
593,219,3,23
594,51,16,226
595,40,14,352
596,30,9,111
597,38,13,196
598,137,15,291
599,221,14,222
600,30,6,74
601,26,46,724
602,7,30,92
603,202,10,51
604,242,5,40
605,73,10,163
606,18,61,573
607,4,9,278
608,97,20,305
609,164,9,117
610,97,9,221
611,55,10,473
612,290,4,179
613,157,18,210
614,289,6,69
615,319,5,50
616,5,70,528
617,4,25,835
618,40,19,428
619,73,10,289
620,56,10,32
621,52,13,166
622,220,3,31
623,65,4,284
624,72,29,162
625,27,74,2944
626,4,27,736
627,66,20,341
628,35,37,215
629,83,6,72
630,10,34,4406
631,105,3,30
632,9,14,72
633,252,8,47
634,14,28,230
635,220,4,58
636,77,7,21
637,6,10,94
638,129,5,653
639,68,4,39
640,4,77,8171
641,118,9,146
642,311,10,161
643,68,4,31
644,140,16,1117
645,257,5,65
646,32,23,384
647,54,6,312
648,7,14,348
649,303,10,249
650,146,15,86
651,42,25,96
652,20,14,351
653,243,10,220
654,178,3,32
655,59,19,83
656,24,3,14
657,18,20,373
658,21,3,22
659,161,8,104
660,27,11,162
661,213,4,19
662,7,32,114
663,60,43,668
664,13,7,121
665,26,16,247
666,299,3,91
667,53,27,408
668,131,21,313
669,97,19,371
670,59,6,140
671,10,20,1378
672,170,5,122
673,59,5,58
674,328,10,53
675,3,20,301
676,20,24,401
677,249,6,66
678,60,9,128
679,76,3,30
680,33,13,187
681,40,7,118
682,125,65,683
683,4,30,573
684,24,56,1003
685,121,4,54
686,360,6,237
687,55,29,452
688,65,5,61
689,56,11,315
690,23,32,713
691,27,33,2794
692,4,19,295
693,12,30,529
694,9,14,178
695,202,5,69
696,73,5,45
697,206,7,86
698,121,13,162
699,94,7,138
700,3,16,249
701,66,7,109
702,299,7,94
703,25,6,68
704,30,25,546
705,52,7,85
706,327,4,32
707,276,5,86
708,194,9,126
709,74,29,499
710,39,5,53
711,81,28,493
712,59,33,484
713,13,5,72
714,51,5,18
715,51,6,113
716,353,4,62
717,55,8,108
718,3,25,340
719,123,12,145
720,25,3,23
721,76,5,56
722,12,8,95
723,171,4,439
724,59,4,34
725,97,18,286
726,111,5,83
727,265,12,229
728,181,9,120
729,171,4,51
730,37,5,26
731,25,15,156
732,19,9,146
733,23,8,556
734,203,4,135
735,67,3,21
736,362,3,51
737,4,32,458
738,13,5,65
739,178,9,122
740,219,34,731
741,9,5,800
742,3,11,179
743,156,11,83
744,7,34,274
745,81,21,145
746,23,4,28
747,247,3,16
748,310,5,47
749,147,3,46
750,9,131,1975
751,20,28,474
752,203,5,58
753,289,7,183
754,51,5,50
755,33,65,436
756,47,5,71
757,75,17,234
758,62,6,99
759,41,17,334
760,31,25,832
761,327,3,15
762,6,70,1409
763,19,5,62
764,21,44,665
765,67,13,325
766,215,5,59
767,14,23,202
768,32,3,26
769,44,16,542
770,5,28,473
771,58,16,219
772,12,29,593
773,213,5,62
774,47,10,498
775,136,7,73
776,45,39,1176
777,11,24,706
778,117,8,198
779,200,13,208
780,279,5,106
781,112,8,86
782,79,6,38
783,54,6,190
784,48,10,212
785,18,9,123
786,157,10,222
787,227,8,68
788,9,8,112
789,123,6,72
790,62,3,20
791,65,3,27
792,20,39,307
793,9,43,2514
794,18,28,490
795,24,25,74
796,30,17,277
797,286,10,144
798,366,6,20
799,80,16,245
800,35,5,108
801,63,42,702
802,268,6,20
803,28,40,124
804,10,5,118
805,307,23,97
806,18,99,1057
807,33,14,192
808,2,34,2694
809,21,13,40
810,67,3,14
811,108,4,146
812,3,207,1628
813,25,54,1364
814,268,3,32
815,6,45,1628
816,11,20,1149
817,31,20,226
818,268,4,54
819,65,10,82
820,322,7,72
821,5,72,305
822,34,5,33
823,6,14,225
824,131,10,24
825,80,13,112
826,103,11,305
827,126,5,50
828,304,18,100
829,366,7,39
830,6,23,157
831,4,104,933
832,4,18,63
833,12,143,11822
834,58,6,86
835,9,36,636
836,14,18,95
837,6,1057,13309
838,38,8,24
839,18,57,703
840,139,8,47
841,75,13,2194
842,7,18,256
843,156,6,95
844,241,15,231
845,53,26,504
846,32,6,87
847,74,5,62
848,5,31,1373
849,24,32,542
850,5,8,111
851,275,4,59
852,21,15,253
853,145,3,34
854,5,34,633
855,86,4,124
856,12,31,451
857,12,4,30
858,124,8,94
859,62,14,193
860,3,13,252
861,321,16,108
862,4,43,767
863,131,10,190
864,3,21,1041
865,3,14,335
866,48,7,71
867,5,15,172
868,4,6,149
869,48,5,1134
870,10,50,833
871,287,3,142
872,235,3,132
873,222,5,59
874,37,10,171
875,77,12,121
876,241,13,224
877,268,4,41
878,287,5,26
879,42,12,125
880,21,225,841
881,217,14,77
882,175,6,43
883,89,18,527
884,82,6,137
885,277,11,59
886,41,15,170
887,100,13,90
888,12,7,60
889,35,7,26
890,61,36,717
891,299,7,94
892,97,11,74
893,10,71,350
894,42,38,159
895,12,41,763
896,68,8,114
897,333,3,174
898,32,17,426
899,4,56,993
900,3,50,903
901,69,10,167
902,6,117,2344
903,254,3,102
904,108,4,247
905,20,8,113
906,62,9,121
907,4,13,52
908,18,8,118
909,241,5,65
910,96,3,20
911,123,9,127
912,107,24,405
913,55,18,302
914,91,5,349
915,172,13,199
916,13,20,317
917,5,12,282
918,13,32,606
919,44,6,64
920,6,3,6
921,249,10,315
922,44,35,593
923,179,15,217
924,94,10,120
925,112,24,216
926,31,15,468
927,28,35,679
928,53,10,324
929,185,13,175
930,44,25,480
931,51,8,185
932,32,37,190
933,159,19,709
934,82,5,39
935,45,23,509
936,32,7,89
937,185,5,98
938,236,4,38
939,10,22,331
940,221,22,302
941,112,14,237
942,280,6,24
943,320,5,45
944,9,22,369
945,3,16,540
946,262,19,304
947,125,20,365
948,91,24,2692
949,143,3,23
950,52,10,264
951,10,24,487
952,156,6,82
953,164,12,322
954,333,8,116
955,227,3,21
956,75,9,91
957,138,4,39
958,100,14,221
959,198,4,30
960,5,38,782
961,32,8,118
962,23,6,208
963,25,66,1014
964,10,4,37
965,215,6,91
966,10,10,186
967,13,28,649
968,3,59,1062
969,9,21,795
970,5,7,88
971,42,4,52
972,19,15,289
973,10,327,9808
974,10,26,546
975,119,4,178
976,224,7,107
977,73,21,368
978,53,5,211
979,90,36,575
980,10,29,673
981,244,8,107
982,48,18,265
983,108,3,16
984,46,27,656
985,66,8,149
986,334,9,103
987,12,26,280
988,116,15,211
989,244,4,46
990,165,6,99
991,19,48,976
992,137,6,63
993,24,9,90
994,69,4,37
995,95,37,603
996,18,19,353
997,198,5,63
998,244,6,119
999,220,5,67
1000,47,25,372
1001,23,7,172
1002,129,11,70
1003,40,4,40
1004,122,15,276
1005,262,5,52
1006,12,10,28
1007,276,5,35
1008,166,3,60
1009,236,10,241
1010,217,4,22
1011,7,5,52
1012,81,11,139
1013,45,7,35
1014,21,13,194
1015,33,34,677
1016,24,11,39
1017,136,20,1076
1018,10,116,1915
1019,321,3,19
1020,297,3,31
1021,360,3,32
1022,187,24,97
1023,193,5,122
1024,46,11,90
1025,54,13,46
1026,28,30,181
1027,40,14,350
1028,11,6,81
1029,298,4,34
1030,34,28,373
1031,12,37,597
1032,67,13,230
1033,12,53,922
1034,220,4,38
1035,4,69,686
1036,67,10,112
1037,4,23,500
1038,151,6,163
1039,6,40,813
1040,219,8,554
1041,35,17,210
1042,121,3,23
1043,109,14,478
1044,12,23,596
1045,73,13,331
1046,94,38,267
1047,312,5,292
1048,44,11,121
1049,364,5,24
1050,93,27,353
1051,3,104,1051
1052,44,4,40
1053,5,31,503
1054,12,39,213
1055,101,6,49
1056,59,9,203
1057,2,48,835
1058,25,57,1050
1059,65,8,107
1060,9,25,222
1061,304,4,46
1062,11,94,524
1063,39,3,73
1064,100,3,13
1065,308,5,57
1066,10,12,422
1067,2,14,476
1068,55,22,320
1069,2,62,275
1070,20,22,351
1071,366,6,14
1072,20,36,168
1073,182,8,89
1074,62,19,97
1075,12,10,37
1076,192,7,39
1077,7,190,643
1078,157,8,237
1079,150,28,348
1080,68,40,315
1081,207,3,84
1082,248,25,140
1083,31,12,415
1084,19,12,60
1085,13,13,117
1086,105,56,366
1087,284,3,88
1088,48,4,35
1089,73,10,259
1090,259,6,65
1091,52,3,184
1092,255,4,51
1093,166,5,59
1094,20,28,264
1095,52,5,88
1096,40,13,50
1097,28,31,225
1098,69,14,193
1099,209,6,62
1100,177,5,56
1101,9,26,467
1102,27,3,38
1103,123,3,23
1104,313,5,54
1105,311,8,108
1106,44,36,449
1107,28,43,168
1108,185,6,101
1109,21,129,445
1110,5,31,791
1111,49,23,125
1112,19,154,1160
1113,19,59,357
1114,42,26,341
1115,24,16,93
1116,13,22,320
1117,189,7,84
1118,208,4,64
1119,63,13,128
1120,19,20,376
1121,35,7,77
1122,66,7,69
1123,3,3,65
1124,94,5,196
1125,110,4,30
1126,33,30,295
1127,21,59,738
1128,4,189,1637
1129,39,6,160
1130,62,44,131
1131,27,55,748
1132,238,9,106
1133,26,14,450
1134,4,110,1087
1135,62,77,720
1136,261,4,65
1137,59,5,106
1138,66,4,36
1139,17,7,118
1140,11,17,201
1141,170,27,309
1142,32,15,551
1143,26,26,408
1144,7,72,512
1145,5,81,1017
1146,319,4,336
1147,313,10,45
1148,12,10,109
1149,206,4,36
1150,153,11,38
1151,21,20,172
1152,12,55,714
1153,304,5,38
1154,87,7,267
1155,9,16,344
1156,77,11,146
1157,5,97,1044
1158,97,31,732
1159,58,6,183
1160,3,4,12
1161,282,10,56
1162,42,59,455
1163,181,26,150
1164,14,23,167
1165,5,7,69
1166,18,7,60
1167,42,4,24
1168,7,64,179
1169,171,13,123
1170,52,9,41
1171,278,6,43
1172,20,61,205
1173,17,39,198
1174,37,31,85
1175,23,34,225
1176,9,6,37
1177,26,19,303
1178,13,10,143
1179,46,13,58
1180,307,9,127
1181,12,3,37
1182,276,3,520
1183,3,514,2359
1184,20,17,3203
1185,6,8,584
1186,244,3,168
1187,11,4,63
1188,247,5,57
1189,207,7,84
1190,3,25,509
1191,186,8,68
1192,34,33,187
1193,59,3,26
1194,198,10,147
1195,25,27,499
1196,93,10,157
1197,6,27,134
1198,52,14,329
1199,264,3,25
1200,268,6,84
1201,38,8,134
1202,52,5,116
1203,54,38,615
1204,26,23,499
1205,23,5,62
1206,172,4,35
1207,69,8,147
1208,158,10,132
1209,203,9,121
1210,6,38,271
1211,69,26,140
1212,79,6,22
1213,3,41,346
1214,10,6,166
1215,171,19,71
1216,19,27,169
1217,7,8,45
1218,10,42,412
1219,88,8,33
1220,30,30,118
1221,21,24,116
1222,62,21,414
1223,26,5,35
1224,12,107,1816
1225,243,46,309
1226,282,32,141
1227,236,17,185
1228,5,12,170
1229,18,24,115
1230,33,11,775
1231,73,40,3443
1232,213,3,341
1233,203,3,22
1234,27,94,347
1235,108,4,56
1236,9,55,838
1237,210,5,26
1238,46,14,105
1239,32,15,470
1240,139,13,105
1241,266,4,136
1242,6,26,413
1243,220,7,37
1244,3,39,256
1245,216,5,43
1246,34,29,586
1247,12,79,635
1248,3,68,724
1249,16,7,73
1250,21,91,326
1251,4,6,191
1252,17,38,925
1253,16,26,99
1254,12,71,624
1255,31,8,403
1256,11,56,374
1257,26,3,20
1258,26,20,200
1259,45,19,127
1260,3,42,262
1261,7,8,93
1262,149,7,37
1263,12,56,201
1264,26,16,223
1265,276,6,138
1266,3,93,435
1267,49,14,124
1268,10,37,626
1269,18,42,1881
1270,5,35,940
1271,5,9,519
1272,44,4,23
1273,21,12,583
1274,199,19,336
1275,13,17,403
1276,18,6,111
1277,114,18,333
1278,251,5,60
1279,31,12,153
1280,45,4,269
1281,89,7,103
1282,46,11,165
1283,11,44,919
1284,17,8,104
1285,77,6,95
1286,146,21,409
1287,6,34,529
1288,299,4,53
1289,336,3,16
1290,265,5,30
1291,31,10,61
1292,10,23,456
1293,19,4,91
1294,4,235,2227
1295,234,14,200
1296,114,5,48
1297,60,15,204
1298,53,29,568
1299,129,13,233
1300,325,8,70
1301,56,9,125
1302,321,3,29
1303,28,4,31
1304,9,6,98
1305,30,5,32
1306,23,4,29
1307,4,14,206
1308,168,3,26
1309,3,219,1445
1310,54,5,57
1311,53,3,7
1312,49,59,590
1313,63,15,45
1314,164,16,227
1315,10,4,82
1316,17,15,174
1317,77,6,79
1318,41,32,338
1319,42,51,424
1320,38,8,95
1321,202,16,239
1322,75,15,227
1323,66,5,92
1324,23,6,61
1325,182,18,88
1326,12,6,130
1327,25,17,347
1328,198,4,278
1329,31,8,119
1330,55,10,26
1331,19,16,306
1332,91,24,361
1333,55,31,643
1334,45,29,478
1335,65,26,993
1336,150,6,81
1337,23,59,1185
1338,313,5,52
1339,25,7,67
1340,60,39,703
1341,26,4,202
1342,80,27,436
1343,121,7,123
1344,38,12,254
1345,61,14,236
1346,14,12,226
1347,21,3,45
1348,27,10,159
1349,31,6,88
1350,40,21,4064
1351,187,11,206
1352,5,40,801
1353,10,11,73
1354,263,7,91
1355,5,20,111
1356,212,7,124
1357,109,9,129
1358,38,24,377
1359,79,12,153
1360,21,6,70
1361,28,5,216
1362,41,9,111
1363,133,7,333
1364,254,6,73
1365,209,6,74
1366,338,5,47
1367,255,3,18
1368,150,8,84
1369,13,10,120
1370,87,6,160
1371,9,109,2197
1372,206,3,21
1373,9,12,221
1374,25,25,332
1375,13,10,157
1376,27,8,126
1377,23,66,472
1378,4,15,156
1379,159,7,216
1380,5,25,498
1381,76,3,46
1382,4,11,153
1383,37,16,233
1384,93,8,181
1385,72,15,238
1386,117,16,489
1387,214,16,243
1388,32,17,224
1389,52,11,175
1390,247,3,25
1391,34,6,81
1392,31,32,922
1393,132,3,35
1394,25,20,270
1395,21,6,74
1396,81,3,17
1397,61,27,1143
1398,27,12,51
1399,14,21,112
1400,255,3,14
1401,149,8,50
1402,66,12,140
1403,10,9,50
1404,12,61,1478
1405,272,3,73
1406,11,38,250
1407,249,6,33
1408,98,20,220
1409,16,10,69
1410,51,4,117
1411,32,6,17
1412,70,6,192
1413,37,32,225
1414,130,4,17
1415,109,6,103
1416,39,6,27
1417,59,4,90
1418,59,18,207
1419,74,48,376
1420,248,6,56
1421,21,17,91
1422,200,20,57
1423,17,3,91
1424,213,13,108
1425,40,10,34
1426,48,8,144
1427,172,14,116
1428,49,14,87
1429,117,21,241
1430,149,25,157
1431,17,238,1345
1432,53,30,115
1433,161,3,13
1434,14,31,210
1435,37,10,116
1436,55,20,68
1437,45,8,95
1438,174,7,59
1439,35,3,12
1440,40,8,95
1441,268,17,57
1442,10,97,459
1443,13,24,139
1444,5,113,1254
1445,11,27,278
1446,35,18,78
1447,82,10,86
1448,32,11,348
1449,10,9,66
1450,73,3,97
1451,6,21,99
1452,258,5,362
1453,6,104,564
1454,17,74,953
1455,91,4,38
1456,74,27,123
1457,70,21,107
1458,11,307,3613
1459,172,12,36
1460,33,3,185
1461,21,96,1588
1462,153,5,107
1463,11,47,989
1464,271,8,108
1465,67,15,73
1466,27,17,378
1467,25,41,397
1468,321,7,31
1469,6,18,146
1470,14,28,75
1471,317,6,219
1472,27,37,287
1473,42,55,326
1474,10,25,92
1475,5,60,6925
1476,73,20,344
1477,215,4,54
1478,39,19,535
1479,55,14,254
1480,80,18,359
1481,48,23,121
1482,181,9,115
1483,95,7,208
1484,11,13,207
1485,107,9,150
1486,79,8,268
1487,174,6,64
1488,9,85,1911
1489,214,11,191
1490,24,8,92
1491,258,3,24
1492,283,4,50
1493,23,17,289
1494,12,31,598
1495,310,5,54
1496,69,8,82
1497,217,5,57
1498,20,17,717
1499,105,9,214
1500,44,3,14
1501,6,7,67
1502,86,7,74
1503,10,4,68
1504,33,7,83
1505,198,16,200
1506,20,19,365
1507,19,26,328
1508,332,5,47
1509,247,8,110
1510,25,9,245
1511,31,14,276
1512,11,20,590
1513,32,34,536
1514,20,7,82
1515,19,12,217
1516,16,16,380
1517,136,3,253
1518,247,3,25
1519,135,7,82
1520,290,6,81
1521,116,19,360
1522,9,19,336
1523,24,8,78
1524,27,26,2058
1525,67,10,238
1526,62,22,294
1527,52,15,622
1528,171,6,82
1529,107,13,170
1530,129,10,257
1531,16,21,411
1532,241,4,32
1533,4,24,484
1534,338,4,38
1535,54,19,529
1536,48,8,114
1537,227,4,29
1538,10,43,1277
1539,6,15,239
1540,166,28,366
1541,242,8,96
1542,12,6,59
1543,135,8,155
1544,19,63,967
1545,11,49,823
1546,33,6,59
1547,77,22,51
1548,3,13,255
1549,5,35,589
1550,47,5,199
1551,6,145,3779
1552,359,3,108
1553,20,8,70
1554,70,23,178
1555,322,6,15
1556,27,4,39
1557,10,19,259
1558,324,6,71
1559,73,5,27
1560,262,3,21
1561,20,17,474
1562,68,9,340
1563,156,6,108
1564,31,20,119
1565,72,8,59
1566,16,7,90
1567,3,28,1645
1568,3,43,3383
1569,121,11,146
1570,62,3,28
1571,5,60,1711
1572,4,3,3862
1573,12,10,690
1574,94,4,52
1575,96,3,57
1576,89,13,316
1577,27,32,436
1578,359,3,61
1579,87,12,140
1580,101,3,64
1581,3,8,208
1582,227,4,77
1583,62,10,142
1584,331,8,91
1585,3,30,461
1586,48,8,114
1587,12,34,984
1588,178,4,33
1589,53,30,427
1590,227,5,198
1591,360,3,22
1592,236,6,72
1593,312,3,20
1594,38,11,170
1595,68,22,464
1596,242,8,94
1597,115,11,199
1598,278,3,10
1599,219,27,386
1600,300,6,105
1601,80,19,229
1602,31,12,267
1603,12,6,62
1604,46,16,238
1605,68,21,321
1606,76,6,53
1607,67,9,163
1608,136,20,711
1609,240,6,58
1610,124,3,88
1611,33,74,1335
1612,11,31,3032
1613,38,12,169
1614,18,17,255
1615,129,8,126
1616,68,15,249
1617,285,5,94
1618,170,10,137
1619,144,8,134
1620,137,3,27
1621,108,6,47
1622,66,5,52
1623,153,19,324
1624,340,3,27
1625,184,4,553
1626,25,3,120
1627,17,11,267
1628,9,61,522
1629,59,15,139
1630,6,10,112
1631,39,11,157
1632,68,14,25
1633,48,5,41
1634,356,4,43
1635,174,6,30
1636,60,41,684
1637,51,3,70
1638,24,8,114
1639,45,17,468
1640,31,14,191
1641,6,46,1710
1642,27,20,576
1643,203,7,42
1644,52,47,769
1645,12,10,144
1646,4,36,1560
1647,66,5,58
1648,52,45,776
1649,292,6,67
1650,62,7,180
1651,66,15,245
1652,97,3,18
1653,276,5,67
1654,2,449,11766
1655,77,8,138
1656,201,7,75
1657,66,8,96
1658,328,3,174
1659,5,7,44
1660,285,3,24
1661,46,9,60
1662,72,22,621
1663,87,11,167
1664,105,17,64
1665,335,8,68
1666,54,3,19
1667,41,17,222
1668,62,3,76
1669,210,5,381
1670,158,24,68
1671,55,8,26
1672,68,17,114
1673,82,6,521
1674,131,9,108
1675,89,8,114
1676,34,7,113
1677,47,3,40
1678,334,5,50
1679,74,3,20
1680,160,14,75
1681,14,40,332
1682,256,10,66
1683,31,4,62
1684,33,105,540
1685,6,107,1728
1686,41,4,60
1687,363,5,257
1688,97,7,91
1689,27,21,432
1690,77,14,167
1691,59,16,370
1692,23,3,284
1693,73,21,464
1694,139,8,451
1695,10,25,427
1696,42,26,317
1697,171,47,873
1698,10,9,203
1699,16,64,1342
1700,171,9,107
1701,42,3,19
1702,188,5,38
1703,6,21,399
1704,283,5,52
1705,11,14,363
1706,327,4,38
1707,114,8,103
1708,291,3,17
1709,18,14,248
1710,3,14,194
1711,130,4,109
1712,150,8,72
1713,191,4,23
1714,33,15,101
1715,35,30,336
1716,266,12,114
1717,86,27,637
1718,28,25,331
1719,173,3,15
1720,11,7,102
1721,315,14,160
1722,66,30,558
1723,87,8,121
1724,26,4,35
1725,60,8,114
1726,325,3,18
1727,256,5,56
1728,21,40,192
1729,35,51,220
1730,17,5,54
1731,28,16,108
1732,25,4,45
1733,269,6,64
1734,10,8,151
1735,24,8,44
1736,14,71,233
1737,264,13,63
1738,133,5,30
1739,56,16,57
1740,3,89,778
1741,11,55,337
1742,266,3,34
1743,332,4,37
1744,314,8,105
1745,28,14,218
1746,32,4,32
1747,31,16,179
1748,3,69,286
1749,364,9,57
1750,285,14,79
1751,264,11,38
1752,27,3,24
1753,356,8,25
1754,96,3,28
1755,31,4,50
1756,340,35,188
1757,84,18,907
1758,87,13,54
1759,11,11,105
1760,53,7,100
1761,52,5,77
1762,4,15,62
1763,115,17,70
1764,16,4,310
1765,79,8,106
1766,42,14,239
1767,17,19,1771
1768,163,24,57
1769,3,38,768
1770,32,12,182
1771,24,17,442
1772,102,34,606
1773,76,9,129
1774,34,51,328
1775,23,29,326
1776,19,6,297
1777,4,101,2629
1778,10,20,340
1779,17,32,1141
1780,364,16,52
1781,83,6,19
1782,54,23,975
1783,24,35,230
1784,173,14,151
1785,191,23,285
1786,13,36,236
1787,361,3,17
1788,35,75,3314
1789,14,41,1030
1790,48,6,17
1791,235,10,101
1792,66,48,420
1793,3,6,73
1794,42,33,389
1795,34,11,50
1796,86,5,263
1797,4,23,108
1798,20,33,663
1799,256,10,130
1800,24,135,711
1801,23,23,332
1802,10,57,500
1803,27,45,337
1804,21,20,172
1805,175,26,178
1806,165,5,15
1807,9,11,127
1808,13,5,40
1809,116,8,33
1810,290,11,41
1811,11,50,650
1812,56,15,46
1813,9,140,1080
1814,159,23,334
1815,6,15,136
1816,38,7,104
1817,219,6,15
1818,62,10,76
1819,279,4,29
1820,14,176,856
1821,26,7,89
1822,30,7,128
1823,13,6,67
1824,24,23,317
1825,72,3,21
1826,20,3,32
1827,4,12,131
1828,105,7,562
1829,12,64,848
1830,13,14,197
1831,6,43,601
1832,33,21,137
1833,179,9,51
1834,39,12,141
1835,153,12,73
1836,70,11,70
1837,158,37,156
1838,222,7,72
1839,25,20,99
1840,178,9,124
1841,52,4,117
1842,257,8,96
1843,48,7,103
1844,72,3,78
1845,32,24,380
1846,216,13,225
1847,37,5,36
1848,55,5,71
1849,28,12,141
1850,13,71,1106
1851,10,13,313
1852,54,4,39
1853,38,10,142
1854,63,20,698
1855,338,7,60
1856,30,13,280
1857,186,8,121
1858,53,5,62
1859,11,9,199
1860,38,5,133
1861,12,82,2151
1862,34,13,168
1863,58,15,196
1864,6,5,206
1865,45,47,932
1866,143,6,62
1867,137,8,94
1868,105,16,324
1869,76,13,148
1870,6,28,487
1871,47,14,221
1872,17,34,627
1873,19,6,71
1874,91,6,120
1875,54,4,42
1876,136,4,17
1877,6,93,2308
1878,107,12,186
1879,284,7,80
1880,168,48,155
1881,20,14,146
1882,248,4,36
1883,206,9,206
1884,38,10,158
1885,93,8,112
1886,94,4,434
1887,11,6,106
1888,245,10,131
1889,47,18,260
1890,24,3,31
1891,199,8,118
1892,45,4,48
1893,27,23,374
1894,319,3,12
1895,108,4,31
1896,52,4,42
1897,170,23,416
1898,41,5,77
1899,105,7,153
1900,298,9,117
1901,27,10,308
1902,90,46,803
1903,75,25,380
1904,157,5,35
1905,20,48,825
1906,51,14,250
1907,54,4,41
1908,26,31,161
1909,11,10,126
1910,27,10,183
1911,119,3,18
1912,10,36,643
1913,363,4,49
1914,6,6,49
1915,30,4,42
1916,27,12,458
1917,268,5,83
1918,35,28,410
1919,19,5,59
1920,174,13,111
1921,4,46,236
1922,142,28,468
1923,203,4,83
1924,66,9,161
1925,37,44,176
1926,42,51,562
1927,285,4,41
1928,11,12,185
1929,145,3,61
1930,13,5,15
1931,147,15,73
1932,236,3,21
1933,34,177,1035
1934,26,34,202
1935,13,25,192
1936,37,17,440
1937,366,10,27
1938,286,3,26
1939,17,12,136
1940,18,70,1326
1941,214,3,25
1942,67,19,309
1943,214,5,52
1944,284,5,46
1945,116,6,59
1946,16,15,242
1947,20,37,982
1948,68,5,105
1949,51,3,29
1950,18,26,172
1951,21,15,203
1952,136,7,43
1953,14,19,217
1954,42,5,34
1955,237,5,13707
1956,4,53,425
1957,41,74,434
1958,53,9,106
1959,12,29,474
1960,63,36,96
1961,67,12,179
1962,26,3,38
1963,360,3,11
1964,67,13,152
1965,33,17,253
1966,90,47,804
1967,66,3,23
1968,205,8,74
1969,9,29,10874
1970,7,4,24
1971,70,7,76
1972,247,3,28
1973,135,7,74
1974,243,7,303
1975,244,11,163
1976,27,5,61
1977,11,11,487
1978,12,3,22
1979,34,21,454
1980,48,63,1205
1981,28,41,146
1982,360,7,60
1983,12,9,40
1984,45,12,255
1985,41,4,98
1986,151,14,208
1987,3,35,633
1988,306,3,247
1989,77,20,143
1990,109,28,191
1991,48,15,198
1992,53,4,124
1993,2,36,502
1994,25,70,1177
1995,48,6,148
1996,52,14,263
1997,308,27,442
1998,38,9,106
1999,172,18,264
2000,24,31,481
2001,109,13,483
2002,209,9,213
2003,18,17,497
2004,65,7,278
2005,51,26,321
2006,321,4,24
2007,46,14,98
2008,5,10,326
2009,174,7,61
2010,58,15,339
2011,75,25,395
2012,101,15,182
2013,39,6,58
2014,60,18,199
2015,256,14,182
2016,72,66,532
2017,46,14,206
2018,52,4,37
2019,66,7,87
2020,13,42,5410
2021,35,18,282
2022,60,7,82
2023,74,6,84
2024,305,5,47
2025,48,3,17
2026,19,27,709
2027,40,6,55
2028,21,25,59
2029,199,6,19
2030,53,8,31
2031,6,25,377
2032,138,15,144
2033,6,126,3067
2034,20,7,144
2035,17,36,203
2036,42,28,194
2037,14,102,530
2038,10,19,111
2039,27,5,23
2040,28,6,408
2041,42,9,127
2042,103,13,73
2043,7,97,928
2044,279,6,73
2045,34,26,152
2046,16,26,76
2047,65,27,1267
2048,3,31,106
2049,314,9,94
2050,200,3,9
2051,4,17,78
2052,95,3,21
2053,62,5,36
2054,82,4,23
2055,158,6,20
2056,228,13,115
2057,151,5,15
2058,196,8,30
2059,3,6,85
2060,25,8,37
2061,18,22,72
2062,11,19,1047
2063,10,11,45
2064,21,38,402
2065,5,49,246
2066,175,3,30
2067,2,54,208
2068,235,4,45
2069,18,33,317
2070,249,4,21
2071,192,7,44
2072,21,25,88
2073,156,13,32
2074,174,6,46
2075,196,4,27
2076,69,6,85
2077,6,18,304
2078,23,14,184
2079,241,6,333
2080,66,3,25
2081,136,15,1164
2082,135,4,67
2083,278,3,25
2084,84,9,309
2085,10,15,198
2086,18,6,73
2087,33,24,348
2088,10,12,163
2089,35,16,127
2090,17,18,271
2091,26,30,936
2092,33,10,48
2093,76,3,11
2094,21,9,122
2095,19,30,204
2096,25,19,73
2097,4,3,47
2098,305,4,39
2099,54,7,388
2100,41,43,719
2101,86,9,112
2102,167,28,99
2103,19,11,96
2104,79,8,138
2105,90,9,418
2106,26,24,620
2107,24,15,111
2108,4,48,408
2109,125,8,295
2110,32,4,35
2111,14,23,113
2112,21,5,44
2113,46,16,182
2114,5,3,21
2115,10,121,604
2116,56,9,117
2117,90,19,116
2118,38,117,736
2119,4,4,2779
2120,31,21,521
2121,14,43,106
2122,213,3,27
2123,49,84,393
2124,25,10,99
2125,34,20,209
2126,247,12,38
2127,10,45,689
2128,37,11,116
2129,9,39,8889
2130,154,33,144
2131,5,31,97
2132,5,31,218
2133,49,5,13
2134,41,10,174
2135,48,34,825
2136,18,13,209
2137,262,16,115
2138,48,14,61
2139,14,18,82
2140,31,7,92
2141,45,8,46
2142,139,5,183
2143,46,30,14758
2144,311,8,81
2145,94,27,101
2146,7,246,1944
2147,210,6,79
2148,89,12,164
2149,271,9,275
2150,9,9,174
2151,67,20,438
2152,143,3,215
2153,24,16,215
2154,39,10,136
2155,121,23,364
2156,42,61,190
2157,175,4,42
2158,56,8,67
2159,34,13,172
2160,147,12,102
2161,222,5,68
2162,47,18,174
2163,18,33,580
2164,73,28,206
2165,11,17,305
2166,262,6,61
2167,18,20,190
2168,24,7,168
2169,46,6,66
2170,290,6,168
2171,5,30,534
2172,18,11,539
2173,83,3,52
2174,58,42,486
2175,102,5,239
2176,301,15,203
2177,25,36,242
2178,61,7,128
2179,156,3,24
2180,116,11,156
2181,108,3,25
2182,13,16,230
2183,266,5,69
2184,242,5,62
2185,89,15,398
2186,139,8,114
2187,72,18,268
2188,44,17,426
2189,9,11,246
2190,63,6,80
2191,250,3,23
2192,67,4,38
2193,105,6,393
2194,86,16,282
2195,220,5,58
2196,47,73,321
2197,335,3,15
2198,185,9,49
2199,172,4,43
2200,11,62,361
2201,213,9,173
2202,191,5,32
2203,10,5,84
2204,61,6,251
2205,59,46,210
2206,114,7,79
2207,53,4,35
2208,319,3,39
2209,31,21,1088
2210,41,15,204
2211,19,21,376
2212,53,14,627
2213,5,59,1720
2214,23,6,66
2215,264,6,72
2216,61,14,190
2217,20,8,94
2218,67,8,89
2219,90,8,118
2220,251,12,168
2221,5,19,269
2222,10,49,750
2223,205,9,145
2224,135,5,59
2225,298,3,77
2226,6,5,58
2227,44,18,304
2228,270,5,196
2229,51,22,374
2230,10,25,513
2231,17,7,135
2232,283,4,47
2233,87,5,92
2234,3,87,1038
2235,234,3,424
2236,19,9,266
2237,35,21,985
2238,10,20,368
2239,52,16,183
2240,97,15,215
2241,17,23,369
2242,128,10,571
2243,96,11,170
2244,52,4,37
2245,140,4,57
2246,62,3,26
2247,102,42,1971
2248,75,3,26
2249,74,5,566
2250,69,7,109
2251,66,10,206
2252,18,10,115
2253,24,40,699
2254,33,64,1444
2255,46,17,179
2256,17,4,31
2257,42,3,93
2258,4,36,1646
2259,238,3,18
2260,77,6,118
2261,6,25,126
2262,5,19,285
2263,362,5,39
2264,60,6,69
2265,25,11,70
2266,32,23,205
2267,56,16,95
2268,27,5,57
2269,46,13,87
2270,90,12,1497
2271,3,20,1590
2272,90,5,44
2273,21,12,191
2274,80,4,36
2275,172,10,156
2276,82,5,70
2277,269,10,162
2278,237,4,41
2279,31,18,758
2280,38,16,94
2281,320,29,179
2282,59,20,277
2283,151,28,165
2284,209,5,155
2285,89,12,284
2286,191,8,102
2287,45,9,152
2288,73,4,47
2289,42,10,199
2290,80,4,38
2291,191,4,95
2292,26,25,773
2293,11,137,470
2294,10,60,793
2295,35,15,158
2296,213,8,109
2297,25,21,276
2298,172,5,26
2299,63,3,21
2300,54,16,325
2301,263,4,40
2302,68,30,866
2303,18,52,445
2304,268,6,206
2305,178,3,25
2306,47,29,988
2307,52,8,395
2308,19,25,128
2309,11,57,1173
2310,75,19,181
2311,73,13,206
2312,355,17,272
2313,17,27,226
2314,118,7,93
2315,198,11,158
2316,178,4,127
2317,102,6,69
2318,23,21,255
2319,74,5,553
2320,341,4,19
2321,7,46,393
2322,33,21,168
2323,123,7,76
2324,23,28,444
2325,26,10,134
2326,270,5,54
2327,24,11,168
2328,128,6,76
2329,27,29,776
2330,140,9,138
2331,303,10,139
2332,108,12,181
2333,19,11,150
2334,51,5,57
2335,332,5,44
2336,66,32,761
2337,121,15,258
2338,37,3,28
2339,3,8,61
2340,198,3,212
2341,130,26,78
2342,48,6,129
2343,7,66,652
2344,16,57,706
2345,19,12,45
2346,30,33,341
2347,9,14,8423
2348,38,5,52
2349,159,3,21
2350,286,7,37
2351,109,48,170
2352,26,15,263
2353,77,5,71
2354,18,7,57
2355,160,4,107
2356,46,9,115
2357,13,19,157
2358,34,51,281
2359,292,6,16
2360,23,12,182
2361,334,3,24
2362,19,7,89
2363,9,22,1499
2364,75,12,116
2365,199,8,52
2366,35,10,155
2367,3,20,401
2368,96,17,266
2369,6,136,736
2370,11,21,137
2371,34,11,101
2372,55,3,20
2373,13,16,207
2374,19,14,571
2375,20,4,40
2376,39,28,202
2377,4,20,116
2378,20,32,357
2379,84,50,272
2380,35,19,74
2381,68,26,82
2382,10,28,221
2383,269,3,393
2384,298,9,110
2385,6,22,409
2386,63,7,244
2387,76,19,108
2388,265,7,90
2389,62,9,77
2390,30,15,46
2391,55,10,264
2392,271,16,94
2393,4,62,512
2394,58,20,345
2395,62,49,343
2396,156,14,225
2397,21,15,91
2398,96,7,56
2399,3,49,1201
2400,314,3,16
2401,72,8,133
2402,20,16,50
2403,14,28,375
2404,38,38,337
2405,21,9,27
2406,55,6,29
2407,58,8,70
2408,23,5,53
2409,46,12,26
2410,28,19,351
2411,46,29,128
2412,130,12,241
2413,19,77,6593
2414,26,4,79
2415,193,3,26
2416,304,4,32
2417,4,75,362
2418,265,4,43
2419,108,4,294
2420,215,15,102
2421,66,3,28
2422,30,7,46
2423,31,26,345
2424,7,17,74
2425,9,53,561
2426,69,7,89
2427,3,31,87
2428,48,21,117
2429,35,13,55
2430,207,3,6
2431,137,9,77
2432,200,4,31
2433,199,10,140
2434,151,5,69
2435,89,9,133
2436,46,3,7
2437,65,18,304
2438,101,25,298
2439,220,3,20
2440,4,41,709
2441,30,22,119
2442,179,7,30
2443,75,3,71
2444,23,17,255
2445,21,53,350
2446,35,38,387
2447,76,4,76
2448,25,40,146
2449,53,45,277
2450,276,4,42
2451,166,5,60
2452,9,67,339
2453,90,7,174
2454,65,32,512
2455,27,6,76
2456,12,10,64
2457,77,18,204
2458,17,6,57
2459,194,8,67
2460,192,7,81
2461,79,11,64
2462,35,6,74
2463,48,13,268
2464,81,20,457
2465,298,14,189
2466,5,21,122
2467,10,23,354
2468,51,19,350
2469,163,6,26
2470,362,9,126
2471,332,3,170
2472,108,19,311
2473,27,19,130
2474,42,3,28
2475,298,7,119
2476,23,45,259
2477,21,7,109
2478,54,27,325
2479,32,3,26
2480,279,6,42
2481,63,10,158
2482,27,3,33
2483,188,12,68
2484,3,57,1701
2485,39,29,2213
2486,173,3,13
2487,83,5,64
2488,5,4,32
2489,192,5,49
2490,24,18,284
2491,19,3,2234
2492,21,44,273
2493,7,8,85
2494,112,13,113
2495,4,10,331
2496,55,5,84
2497,292,5,75
2498,12,193,772
2499,110,44,335
2500,97,10,180
2501,244,3,19
2502,165,17,936
2503,44,16,226
2504,37,5,47
2505,68,37,513
2506,139,3,19
2507,2,86,1746
2508,28,13,143
2509,7,7,83
2510,55,6,351
2511,366,4,157
2512,194,3,37
2513,196,10,158
2514,5,3,17
2515,17,25,812
2516,28,15,222
2517,129,9,143
2518,86,11,123
2519,73,8,127
2520,184,3,18
2521,115,4,181
2522,82,4,47
2523,250,5,180
2524,234,7,95
2525,73,7,79
2526,70,4,49
2527,6,46,831
2528,52,6,71
2529,77,14,54
2530,63,27,102
2531,17,3,18
2532,6,5,68
2533,287,4,25
2534,6,17,208
2535,42,10,59
2536,38,11,155
2537,76,11,143
2538,19,30,480
2539,17,47,872
2540,221,3,14
2541,188,4,23
2542,34,14,217
2543,72,11,178
2544,184,5,60
2545,17,4,61
2546,237,4,79
2547,33,27,782
2548,5,4,49
2549,53,9,153
2550,82,10,195
2551,276,6,60
2552,2,45,893
2553,81,6,56
2554,31,19,281
2555,75,23,162
2556,19,28,526
2557,34,21,294
2558,101,22,309
2559,33,18,489
2560,107,6,96
2561,6,11,166
2562,247,9,118
2563,179,16,184
2564,171,8,78
2565,44,4,33
2566,73,5,69
2567,60,23,1073
2568,18,11,201
2569,143,10,134
2570,19,56,712
2571,44,14,1892
2572,11,39,142
2573,191,3,23
2574,18,8,740
2575,364,5,28
2576,21,11,55
2577,70,16,152
2578,17,4,41
2579,25,40,398
2580,32,59,904
2581,4,22,1155
2582,56,18,51
2583,35,23,373
2584,4,37,782
2585,45,5,66
2586,79,8,176
2587,6,13,479
2588,6,59,14712
2589,63,16,66
2590,49,120,640
2591,3,14,224
2592,77,4,61
2593,74,7,74
2594,258,4,164
2595,70,15,106
2596,215,4,214
2597,243,3,14
2598,255,3,207
2599,10,61,952
2600,10,31,1008
2601,2,49,2303
2602,39,20,81
2603,47,12,185
2604,86,18,543
2605,21,73,426
2606,28,6,265
2607,20,71,580
2608,20,117,1312
2609,319,21,178
2610,80,3,14
2611,268,3,168
2612,25,37,696
2613,16,35,271
2614,28,6,29
2615,264,9,96
2616,19,36,828
2617,109,7,92
2618,304,31,151
2619,28,32,257
2620,366,6,34
2621,48,52,179
2622,40,132,1469
2623,54,20,129
2624,33,9,146
2625,54,12,85
2626,80,21,395
2627,178,5,91
2628,48,3,468
2629,31,44,543
2630,13,45,196
2631,88,87,1724
2632,6,73,1094
2633,39,13,199
2634,19,17,346
2635,46,24,189
2636,32,6,178
2637,60,9,31
2638,116,41,328
2639,216,7,92
2640,320,4,68
2641,67,5,43
2642,9,9,138
2643,98,6,88
2644,21,15,267
2645,200,6,148
2646,5,132,540
2647,275,10,278
2648,32,50,991
2649,49,14,105
2650,262,10,87
2651,59,30,196
2652,35,64,532
2653,59,7,26
2654,69,11,129
2655,59,28,220
2656,62,22,123
2657,82,16,59
2658,76,7,79
2659,4,76,2279
2660,102,14,97
2661,19,39,476
2662,125,39,136
2663,10,4,29
2664,5,18,255
2665,31,65,403
2666,284,3,15
2667,59,5,43
2668,3,46,264
2669,91,4,43
2670,13,43,288
2671,165,23,415
2672,67,5,46
2673,25,13,89
2674,175,26,110
2675,105,23,197
2676,144,13,180
2677,101,6,51
2678,25,30,182
2679,194,7,94
2680,6,9,119
2681,362,3,19
2682,10,98,445
2683,16,49,982
2684,151,8,76
2685,4,14,135
2686,12,31,567
2687,97,7,83
2688,229,9,84
2689,17,6,61
2690,40,5,61
2691,53,8,107
2692,95,5,48
2693,158,4,63
2694,40,6,72
2695,219,3,10
2696,3,11,153
2697,229,6,73
2698,130,3,24
2699,41,4,34
2700,33,30,543
2701,199,5,50
2702,10,50,2612
2703,38,31,541
2704,102,10,126
2705,44,92,2463
2706,52,3,30
2707,45,4,29
2708,54,6,91
2709,188,5,56
2710,335,7,88
2711,6,6,66
2712,178,4,36
2713,25,5,50
2714,16,3,25
2715,146,14,229
2716,33,7,138
2717,142,4,45
2718,24,27,156
2719,24,27,525
2720,79,3,53
2721,6,57,1329
2722,69,24,409
2723,14,23,157
2724,86,3,10
2725,32,40,330
2726,68,3,439
2727,68,9,140
2728,189,5,19
2729,39,5,63
2730,17,23,104
2731,37,11,61
2732,196,27,320
2733,3,35,133
2734,3,22,117
2735,66,18,60
2736,315,12,72
2737,28,31,87
2738,9,22,168
2739,18,25,217
2740,118,12,610
2741,31,11,68
2742,6,140,860
2743,7,55,795
2744,83,22,188
2745,31,29,272
2746,74,4,33
2747,6,92,241
2748,30,24,496
2749,292,3,8
2750,38,7,18
2751,46,15,68
2752,25,21,73
2753,278,5,228
2754,65,25,225
2755,158,69,541
2756,63,14,52
2757,14,144,1360
2758,23,16,151
2759,88,32,414
2760,5,18,258
2761,28,14,52
2762,7,174,882
2763,55,15,38
2764,3,11,102
2765,56,11,126
2766,27,18,56
2767,10,54,428
2768,54,57,482
2769,14,41,357
2770,213,10,209
2771,23,55,861
2772,237,3,19
2773,140,7,145
2774,42,11,102
2775,58,12,248
2776,138,12,201
2777,111,5,27
2778,18,16,663
2779,186,8,124
2780,19,3,15
2781,241,6,83
2782,89,4,28
2783,40,21,82
2784,118,6,73
2785,189,4,43
2786,228,8,85
2787,199,8,332
2788,191,7,82
2789,6,9,82
2790,41,12,129
2791,40,7,32
2792,269,3,176
2793,79,13,107
2794,5,20,562
2795,257,16,132
2796,62,7,96
2797,14,31,239
2798,90,100,1095
2799,19,23,974
2800,32,3,69
2801,5,30,423
2802,7,3,12
2803,12,23,352
2804,32,8,235
2805,290,5,197
2806,76,4,30
2807,2,36,729
2808,87,15,436
2809,48,15,396
2810,6,14,204
2811,52,8,166
2812,20,3,14
2813,32,7,96
2814,10,18,108
2815,30,48,409
2816,4,36,1115
2817,42,6,186
2818,13,39,161
2819,33,3,16
2820,159,3,36
2821,62,3,97
2822,80,40,240
2823,65,3,4
2824,13,6,71
2825,88,9,249
2826,18,9,177
2827,247,7,80
2828,89,15,225
2829,32,7,18
2830,139,6,59
2831,28,16,176
2832,4,26,272
2833,34,22,551
2834,27,4,389
2835,115,6,66
2836,159,6,161
2837,87,14,201
2838,119,10,190
2839,4,57,894
2840,98,55,536
2841,196,11,66
2842,30,16,66
2843,132,4,99
2844,30,16,205
2845,83,14,203
2846,31,82,473
2847,268,3,27
2848,75,24,731
2849,315,12,74
2850,23,15,244
2851,184,16,161
2852,14,58,893
2853,30,33,554
2854,116,17,79
2855,30,34,584
2856,19,31,246
2857,19,20,182
2858,38,7,124
2859,38,7,108
2860,24,3,28
2861,27,19,61
2862,35,16,270
2863,111,12,265
2864,37,23,404
2865,125,49,446
2866,9,25,846
2867,30,24,399
2868,90,17,515
2869,4,40,677
2870,52,23,253
2871,324,3,49
2872,24,10,103
2873,17,11,209
2874,20,14,184
2875,31,10,337
2876,161,16,105
2877,35,81,1855
2878,34,17,138
2879,167,8,101
2880,49,7,67
2881,7,31,200
2882,184,6,69
2883,290,3,14
2884,319,4,28
2885,5,13,186
2886,235,8,125
2887,163,4,77
2888,187,8,43
2889,52,10,43
2890,154,48,205
2891,336,6,37
2892,7,31,588
2893,17,8,635
2894,108,5,64
2895,18,6,86
2896,277,5,60
2897,17,107,2429
2898,249,7,40
2899,241,4,64
2900,3,13,184
2901,107,12,176
2902,24,16,400
2903,53,4,35
2904,196,5,223
2905,26,4,27
2906,77,7,68
2907,19,11,184
2908,178,4,41
2909,34,11,199
2910,23,22,277
2911,33,47,637
2912,30,23,363
2913,80,3,44
2914,34,33,549
2915,286,3,20
2916,205,5,38
2917,59,14,196
2918,291,3,34
2919,80,5,93
2920,7,27,1113
2921,219,3,19
2922,46,19,378
2923,203,4,39
2924,180,12,97
2925,58,34,219
2926,59,6,39
2927,34,15,753
2928,228,4,34
2929,13,23,493
2930,108,17,115
2931,60,6,75
2932,30,31,329
2933,37,11,419
2934,362,6,58
2935,31,8,114
2936,25,8,69
2937,55,7,18
2938,37,29,779
2939,177,8,199
2940,55,3,80
2941,28,41,455
2942,255,3,69
2943,42,38,664
2944,62,20,182
2945,6,54,383
2946,33,7,39
2947,26,92,647
2948,9,20,77
2949,67,4,21
2950,312,6,24
2951,310,6,92
2952,20,9,241
2953,17,43,384
2954,98,11,43
2955,266,19,895
2956,14,124,695
2957,4,5,39
2958,37,4,38
2959,184,3,6
2960,27,5,23
2961,14,23,217
2962,13,5,42
2963,4,112,723
2964,314,5,97
2965,110,7,173
2966,7,92,1750
2967,55,9,121
2968,206,3,22
2969,17,17,65
2970,122,18,59
2971,5,12,68
2972,364,8,60
2973,188,18,44
2974,20,8,65
2975,6,21,49
2976,42,22,66
2977,109,5,26
2978,150,10,59
2979,229,4,260
2980,210,5,16
2981,140,17,80
2982,5,20,65
2983,129,6,16
2984,48,25,478
2985,37,4,13
2986,229,12,114
2987,243,5,57
2988,59,5,101
2989,132,19,594
2990,62,58,338
2991,23,11,51
2992,28,28,195
2993,14,22,179
2994,33,22,160
2995,5,21,119
2996,32,34,440
2997,30,15,113
2998,19,14,20
2999,103,11,137
3000,13,16,130
3001,23,9,30
3002,16,21,297
3003,363,14,58
3004,12,12,1228
3005,97,6,25
3006,80,10,275
3007,157,4,10
3008,33,11,935
3009,26,20,394
3010,3,99,1281
3011,91,3,78
3012,102,13,181
3013,69,19,135
3014,17,50,246
3015,23,6,110
3016,282,4,43
3017,16,10,188
3018,69,3,54
3019,87,7,84
3020,310,4,40
3021,153,116,421
3022,19,141,1161
3023,96,6,152
3024,31,72,2180
3025,158,7,110
3026,357,3,9
3027,48,8,32
3028,17,23,174
3029,5,101,593
3030,16,42,198
3031,181,3,23
3032,10,21,294
3033,38,8,74
3034,156,4,437
3035,52,6,440
3036,313,3,11
3037,26,10,61
3038,305,16,90
3039,13,7,55
3040,19,29,115
3041,188,5,55
3042,241,11,104
3043,2,70,753
3044,14,99,1082
3045,240,9,47
3046,25,25,326
3047,74,8,100
3048,19,20,74
3049,42,48,230
3050,42,9,83
3051,220,10,147
3052,201,17,103
3053,72,12,78
3054,25,80,611
3055,13,23,124
3056,26,22,3074
3057,6,18,86
3058,21,8,54
3059,16,8,80
3060,9,11,1416
3061,21,19,166
3062,133,6,76
3063,2,40,4101
3064,166,3,207
3065,308,21,133
3066,221,3,34
3067,41,7,2245
3068,24,16,158
3069,116,12,169
3070,128,38,292
3071,6,10,535
3072,38,7,31
3073,3,14,154
3074,335,19,438
3075,165,4,36
3076,250,7,269
3077,18,10,141
3078,77,5,53
3079,25,17,268
3080,45,6,764
3081,81,4,80
3082,31,55,1399
3083,44,9,110
3084,13,36,770
3085,52,4,44
3086,18,29,465
3087,48,11,277
3088,62,14,208
3089,10,64,1032
3090,2,75,4120
3091,130,10,99
3092,34,3,19
3093,315,7,41
3094,20,13,98
3095,90,13,56
3096,4,27,378
3097,3,5,70
3098,255,7,121
3099,158,3,37
3100,38,30,474
3101,178,4,34
3102,42,9,100
3103,4,66,574
3104,12,66,36162
3105,3,22,340
3106,19,10,248
3107,235,15,83
3108,205,3,25
3109,128,5,232
3110,17,19,91
3111,45,26,103
3112,96,5,65
3113,24,30,189
3114,62,4,36
3115,18,42,360
3116,160,4,96
3117,12,9,129
3118,16,3,32
3119,18,14,263
3120,46,16,173
3121,193,38,156
3122,81,4,31
3123,79,10,179
3124,5,17,217
3125,67,6,68
3126,263,7,79
3127,60,10,136
3128,2,19,596
3129,3,16,447
3130,250,5,135
3131,9,6,74
3132,360,4,67
3133,77,4,51
3134,291,7,67
3135,31,3,22
3136,222,8,97
3137,11,7,103
3138,4,6,44
3139,208,28,681
3140,163,12,217
3141,77,3,32
3142,263,18,103
3143,59,75,1269
3144,26,3,17
3145,4,177,16806
3146,156,16,453
3147,130,7,36
3148,33,17,122
3149,17,31,164
3150,310,5,55
3151,19,14,309
3152,55,8,115
3153,31,10,114
3154,3,14,153
3155,13,8,91
3156,361,5,113
3157,6,4,110
3158,55,12,159
3159,3,51,827
3160,3,51,343
3161,192,4,61
3162,55,3,38
3163,282,4,32
3164,31,27,284
3165,27,5,30
3166,26,7,147
3167,271,5,23
3168,45,30,96
3169,235,3,19
3170,25,4,67
3171,199,11,58
3172,361,14,84
3173,73,5,78
3174,131,3,1259
3175,3,15,286
3176,21,24,128
3177,207,3,35
3178,16,12,161
3179,96,6,164
3180,21,6,29
3181,53,14,210
3182,26,10,78
3183,10,34,212
3184,9,33,761
3185,334,7,48
3186,52,56,311
3187,73,3,19
3188,31,7,92
3189,244,5,88
3190,10,79,741
3191,220,3,27
3192,6,12,130
3193,254,12,101
3194,2,76,1536
3195,238,10,96
3196,9,12,403
3197,111,44,230
3198,102,4,50
3199,62,50,465
3200,4,39,274
3201,75,15,258
3202,5,37,681
3203,87,7,118
3204,14,17,80
3205,25,49,623
3206,215,14,583
3207,19,7,79
3208,4,96,845
3209,80,5,43
3210,219,18,79
3211,35,14,42
3212,42,50,264
3213,9,121,741
3214,55,37,673
3215,24,53,681
3216,59,24,87
3217,205,4,46
3218,175,3,168
3219,7,20,300
3220,314,23,65
3221,61,4,44
3222,23,7,422
3223,34,10,156
3224,16,7,83
3225,20,78,485
3226,7,27,429
3227,171,5,68
3228,3,11,122
3229,33,16,223
3230,38,58,444
3231,21,8,74
3232,33,8,110
3233,278,3,26
3234,88,3,243
3235,121,8,109
3236,3,40,834
3237,221,10,145
3238,62,20,348
3239,140,13,181
3240,23,4,54
3241,13,50,778
3242,27,49,932
3243,38,16,380
3244,12,12,197
3245,75,21,414
3246,27,9,242
3247,19,34,593
3248,143,10,74
3249,27,26,555
3250,20,8,95
3251,67,3,32
3252,68,27,450
3253,3,4,86
3254,87,15,564
3255,229,5,57
3256,17,7,271
3257,52,28,837
3258,3,50,293
3259,76,6,85
3260,3,129,3620
3261,60,8,109
3262,3,63,2806
3263,265,4,48
3264,54,9,518
3265,25,6,74
3266,12,21,361
3267,45,6,82
3268,18,31,545
3269,9,73,1443
3270,32,56,924
3271,360,3,24
3272,129,10,140
3273,139,4,36
3274,143,6,79
3275,133,8,94
3276,40,31,605
3277,238,5,50
3278,18,23,345
3279,254,7,99
3280,32,17,216
3281,37,8,117
3282,170,10,276
3283,5,20,316
3284,6,78,2048
3285,338,3,19
3286,189,13,67
3287,171,5,42
3288,291,3,21
3289,46,11,161
3290,322,3,16
3291,31,54,1182
3292,234,5,71
3293,39,48,942
3294,115,12,349
3295,98,19,536
3296,193,4,483
3297,73,10,228
3298,18,43,681
3299,17,19,292
3300,5,37,646
3301,5,45,877
3302,130,11,146
3303,40,9,86
3304,138,7,102
3305,4,132,2316
3306,115,6,55
3307,21,19,385
3308,13,11,552
3309,334,6,85
3310,5,19,292
3311,242,3,33
3312,180,7,110
3313,7,38,389
3314,2,21,193
3315,3,127,1221
3316,21,79,642
3317,19,16,80
3318,34,6,108
3319,52,16,186
3320,212,11,62
3321,17,7,44
3322,10,22,350
3323,14,64,744
3324,277,7,243
3325,58,17,84
3326,12,18,43
3327,98,26,187
3328,26,40,148
3329,23,13,77
3330,161,3,15
3331,74,8,35
3332,55,5,41
3333,87,20,84
3334,154,16,179
3335,75,4,831
3336,283,4,27
3337,28,40,415
3338,27,15,56
3339,181,13,47
3340,42,12,104
3341,24,23,136
3342,24,79,529
3343,39,19,225
3344,84,26,198
3345,75,5,226
3346,13,12,165
3347,18,10,677
3348,6,175,1644
3349,14,17,73
3350,16,83,373
3351,38,5,15
3352,6,8,35
3353,73,9,518
3354,53,4,44
3355,7,50,487
3356,3,10,153
3357,51,15,38
3358,4,11,38
3359,49,5,28
3360,44,37,330
3361,28,23,417
3362,44,20,79
3363,3,1499,7543
3364,305,8,27
3365,83,14,374
3366,220,7,72
3367,13,11,50
3368,187,6,47
3369,3,4,112
3370,19,13,4194
3371,7,38,1047
3372,306,7,14
3373,5,54,460
3374,325,3,92
3375,61,20,330
3376,14,23,128
3377,32,68,1845
3378,32,21,112
3379,109,10,118
3380,4,47,266
3381,206,7,61
3382,82,13,443
3383,227,8,47
3384,172,3,29
3385,45,7,64
3386,175,4,12
3387,366,9,145
3388,306,3,8
3389,5,28,153
3390,5,19,127
3391,14,14,43
3392,33,17,72
3393,131,5,17
3394,40,18,232
3395,214,5,38
3396,324,26,146
3397,164,9,36
3398,59,8,36
3399,227,4,24
3400,73,43,182
3401,46,5,31
3402,174,15,43
3403,87,9,31
3404,161,12,51
3405,192,3,22
3406,31,4,10
3407,23,11,56
3408,158,5,108
3409,249,4,18
3410,11,9,44
3411,312,9,58
3412,60,14,60
3413,5,16,66
3414,47,26,105
3415,90,8,297
3416,6,136,910
3417,66,23,121
3418,13,7,414
3419,135,7,61
3420,47,8,76
3421,114,3,280
3422,37,10,381
3423,136,13,56
3424,31,19,239
3425,60,8,240
3426,143,4,16
3427,7,22,114
3428,10,13,919
3429,161,6,46
3430,166,5,492
3431,235,7,32
3432,39,4,47
3433,58,14,6908
3434,74,9,38
3435,41,6,245
3436,7,105,496
3437,200,5,216
3438,68,9,31
3439,118,4,402
3440,173,5,8
3441,23,53,261
3442,144,11,26
3443,33,17,61
3444,39,74,703
3445,153,13,111
3446,168,8,42
3447,213,6,52
3448,243,8,36
3449,53,4,42
3450,26,34,185
3451,17,68,1162
3452,31,5,104
3453,37,29,117
3454,206,12,103
3455,147,13,40
3456,24,6,99
3457,187,6,45
3458,13,7,16
3459,238,12,221
3460,123,23,226
3461,76,36,494
3462,39,13,50
3463,14,21,174
3464,364,8,17
3465,5,16,49
3466,25,8,97
3467,72,7,72
3468,237,8,57
3469,258,3,8
3470,157,14,83
3471,30,9,38
3472,6,14,41
3473,34,26,284
3474,171,3,183
3475,110,5,9
3476,37,34,87
3477,154,10,188
3478,100,7,55
3479,6,4,90
3480,336,4,37
3481,67,6,13
3482,23,19,66
3483,37,10,84
3484,34,17,82
3485,156,8,15
3486,247,5,79
3487,13,92,1045
3488,55,3,17
3489,26,12,44
3490,6,24,426
3491,47,6,25
3492,205,4,27
3493,361,3,19
3494,72,7,97
3495,9,79,1512
3496,290,7,120
3497,11,3,92
3498,46,5,45
3499,67,11,268
3500,175,4,48
3501,7,34,570
3502,77,4,76
3503,42,6,73
3504,28,101,502
3505,259,4,32
3506,187,4,17
3507,116,17,438
3508,25,33,551
3509,10,39,463
3510,219,8,99
3511,47,30,758
3512,114,4,50
3513,27,11,91
3514,332,7,70
3515,276,4,42
3516,63,12,51
3517,4,24,3092
3518,95,12,614
3519,83,15,437
3520,314,11,320
3521,13,55,292
3522,9,23,521
3523,129,8,59
3524,13,15,86
3525,3,78,48061
3526,39,6,86
3527,39,8,16
3528,331,10,162
3529,256,6,65
3530,3,86,1746
3531,21,10,52
3532,14,6,83
3533,292,8,59
3534,69,86,307
3535,27,12,65
3536,12,240,1142
3537,216,5,29
3538,156,12,231
3539,10,81,378
3540,26,11,127
3541,31,45,254
3542,62,15,86
3543,21,11,54
3544,245,3,23
3545,17,18,237
3546,31,8,366
3547,65,9,168
3548,297,3,12
3549,19,44,1642
3550,159,7,299
3551,118,19,292
3552,32,13,706
3553,14,43,494
3554,222,3,26
3555,47,3,48
3556,217,3,25
3557,34,11,156
3558,136,11,194
3559,5,6,95
3560,77,9,111
3561,14,23,126
3562,11,13,147
3563,303,4,36
3564,59,16,244
3565,17,16,275
3566,39,3,18
3567,179,5,121
3568,37,5,121
3569,178,19,158
3570,62,4,84
3571,35,9,191
3572,60,14,326
3573,37,40,2041
3574,88,7,322
3575,360,3,23
3576,33,15,259
3577,130,23,343
3578,11,25,365
3579,6,26,360
3580,26,17,128
3581,229,9,113
3582,251,3,25
3583,17,20,563
3584,79,13,176
3585,332,4,47
3586,73,9,138
3587,167,4,33
3588,84,7,658
3589,97,26,132
3590,6,38,1165
3591,108,10,31
3592,201,16,319
3593,159,8,41
3594,73,52,504
3595,38,7,69
3596,3,25,410
3597,45,12,154
3598,328,19,105
3599,238,4,38
3600,33,7,115
3601,31,7,101
3602,283,8,118
3603,4,23,338
3604,228,3,160
3605,24,12,146
3606,6,43,961
3607,5,58,1184
3608,46,47,1118
3609,81,8,110
3610,13,32,1631
3611,11,16,491
3612,194,24,447
3613,83,9,119
3614,73,27,396
3615,31,11,142
3616,4,14,222
3617,220,14,240
3618,48,3,301
3619,11,21,352
3620,74,18,692
3621,9,42,675
3622,124,14,227
3623,19,4,34
3624,312,10,141
3625,89,5,452
3626,52,24,125
3627,41,24,400
3628,26,6,256
3629,174,32,580
3630,45,8,108
3631,142,3,4
3632,27,12,208
3633,74,11,160
3634,40,5,54
3635,4,40,651
3636,32,4,37
3637,45,6,78
3638,60,6,54
3639,279,4,40
3640,182,4,36
3641,9,4,32
3642,5,154,435
3643,44,17,401
